No,Nama Pelapor ,Jenis Pelapor,Lokasi,Contact,Deskripsi Laporan,Jenis kekerasan,Penanganan
1,Tina Isna,Korban,Semarang,,"Aku anak tunggal. Ibu dan ayah berpisah ketika umur saya 4 tahun. Ibu menikah dengan laki-laki yang perkerjaannya notaris. Aku dipaksa ibu memanggil ayah baru dengan sebutan ""daddy"". Sejak saat itu juga daddy memperlakukanku tidak enak. Aku nggak ingat pas umur berapa, tapi aku udah diperkosa daddy selama bertahun-tahun. Aku juga disiksa sebelum aku diperkosa. Ibu enggak tau kejadian ini karena daddy punya kekuasaan tinggi di rumah. Tolong bantu aku, aku tidak tau harus mengadu kesiapa",Seksual,"Korban: Rehabilitas, Kasus: Penegak Hukum"
2,Dina Setiyawi,Korban,Makassar,,"Saya sudah tidak tahan lagi. Dosen saya kurang ajar. Awalnya, saya dan 5 teman saya dianggap memiliki penyakit psikis, sehingga saya dan teman2 saya ditawarkan pengobatan dengan metode hipnoterapi atau spiritual oleh dosen saya. Dari awal saya sudah tidak nyaman, tetapi demi kesembuhan psikis saya, saya hanya diam aja. Kami diminta datang ke laboratorium mikrofarmasi, tapi rasanya tindakan dosen saya seperti tidak mengobati tetapi malah seperti mencabuli. Saya dipeluk erat, saya dicium dan saya diminta untuk memegang penisnya. Ini terjadi sudah hampir dua tahun, dan saya tidak tahan lagi.",Seksual,"Korban: Rehabilitas, Kasus: Penegak Hukum"
3,Nur Hayati,Orang tua korban,Bogor,,"Saya ingin melapor. Anak saya dicabuli oleh ustadz di pondok pesantrennya. Saya menangis ketika anak saya berani menceritakannya kepada saya. Bagaimana saya terima ketika anak saya sedang tidur, pak ustadz meraba-raba tubuh anak saya. Dan kejinya, pas anak saya bangun, pak ustadz malah menggesek-gesekkan penisnya ke bagian vital anak saya sampai maaf spermanya keluar. Anak saya nggak berani lapor karena diancam tidak akan diluluskan. Dan ternyata ini nggak hanya terjadi kepada anak saya. Saya tidak terima. Saya ingin menuntut keadilan. ",Seksual,"Korban: Rehabilitas, Kasus: Penegak Hukum"
4,Karunia Manda,Keluarga korban,Serang,,"Mutiara adalah tetangga saya. Tapi sudah saya anggap saudara. Mutiara memang kurang mampu perekonomiannya. Katanya dia menerima tawaran Taryumi tetangga kami untuk bekerja sebagai karyawan di sebuah kafe di Ambon. Akhirnya anaknya dititip ke saya. Saya pernah dengar kalau Taryumi sering mencari perempuan muda untuk bekerja di Ambon. Mutiara udah lama nggak hubungi saya. Pas dia ada waktu menghubungi saya, ternyata ia dipekerjakan sebagai pekerja seksual di Ambon. Dia ditempatkan di suatu tempat dengan pengamanan ketat biar nggak kabur. Bila ada yang berusaha kabur akan dipukuli. Mereka dipaksa  untuk memberikan layanan seksual tanpa mengenal waktu. Dan kalau sakit pun mereka tidak dapat menolak, karna gajinya akan dipotong. Dia bersakit-sakit disana dan hanya makan nasi pake garam",Trafiking,"Korban: Perlindungan Perempuan dan Anak, Kasus: Penegak Hukum"
5,Yanti Manopo,Saksi,NTT,,"Saya merasa resah melihat kematian pekerja migran Indonesia asal NTT terus berulang. Berdasarkan data pada 2019, sejumlah 119 pekerja migran asal NTT meninggal di luar negari. Dari jumlah tersebut, 117 orang merupakan pekerja migran ireguler (tidak berdokumen) yang berarti hanya dua (2) pekerja migran berdokumen. Masing-masing satu pekerja meninggal di Singapura dan Sinegal sedangkan sisanya meninggal di Malaysia. Dari jumlah tersebut 112 jenazah telah dipulangkan ke tanah air, 6 jenazah dimakamkan di Malaysia sedangkan satu jenazah sedang dalam proses pemulangan. Jumlah ini meningkat dari tahun-tahun sebelumnya, yaitu 105 orang tahun 2017 dan 115 orang tahun 2018. Saya resah melihat kasus ini selalu berulang, saya ingin kasus ini segera ditangani. Karena salah satu korban dari migran yang meninggal tersebut ada saudara jauh saya.",Migran,Kasus: Penegak Hukum
6,Jessica,Korban,Jakarta,,"Saya tidak tau harus cerita darimana. Tapi saya merasa diperjual belikan oleh teman saya. Saya memang bukan orang kaya. Tapi disitulah salahnya saya, demi mengikuti tren sekolah, saya mau saja ikut kebiasan teman saya yang kaya. Saya sering di ajak ke club dan ditawari minuman keras yang membuat saya mabuk. Bangun bangun, teman saya memberi saya sejumlah uang. Saya kaget tentang apa yang terjadi. Lama berteman dengan mereka, akhirnya saya sadar bahwa selama ini saya diperjual belikan oleh teman saya.",Trafiking,"Korban: Rehabilitas, Kasus: Bantuan Hukum"
7,Anna Hermawati,Korban,Medan,,"Saya merasa dapat kekerasan dari suami saya. Tidak sekali dua kali, tapi paling parahnya adalah kejadian tadi malam. Saya sangat lelah pulang dari kantor dan harus membereskan keperluan anak. Suami saya yang pulang larut malam juga mungkin lelah. Ia meminta saya untuk memenuhi kebutuhan nafsunya. Sya tidak mau karna saya lelah. Tapi dia selalu memaksa hingga melukai saya. Ia memukul saya dengan tas kantor dan melempar kopi panas yang saya suguhkan untuknya kebadan saya. ",Fisik,"Korban: Rehabilitas, Kesehatan, Pelaku: Penegak Hukum"
8,Siska Megawati,Anak korban,Surabaya,,"Orangtuaku selalu bertengkar di rumah. Setiap kali ibu lalai mengerjakan tugas rumah, aku selalu mendengar suara tamparan. Aku sering terbangun karena dengar seperti suara pukulan. Aku tidak tau apa yang sebenarnya terjadi, tapi mungkin ibu merasakan sakit.",Fisik,"Korban: Kesehatan, Kasus: Penegak Hukum"
9,Melati Purnama,Korban,Aceh,,Aku udah pacaran selama 5 tahun. Aku nggak tau gimana cara melepaskan hubungan dengan pacarku. Aku sering dikasari kalau aku lupa ngabari dia atau pulang dibonceng teman laki-lakiku. Tapi aku tidak berani melapor,Fisik,"Korban: Kesehatan, Kasus: Penegak Hukum"
10,Nona Purwati,Korban,Palembang,,"Hubunganku sebenarnya belum tergolong lama. Tapi sepertinya nggak bisa dipertahankan. Tapi aku juga nggak tau gimana melepasnya. Keknya aku betul betul butuh psikiater untuk membantuku melepasnya. Tapi aku juga malu untuk menghubungi psikiater, karena takut dianggap gila oleh orang orang. Aku sering diancam pacar ku jika tidak mau menuruti kemauannya. Dia juga sering memanggilku dengan sebutan tidak wajar jika aku sering pulang larut malam untuk mengerjakan tugas, ""perek!"".",Psikis,"Korban: Rehabilitas, Pelaku: Bantuan Hukum"
11,Meliana Simsui,Teman korban,Lampung,,"Temanku tidak tau kejadian ini. Dan aku pun tidak tau harus bicara bagaiman ke temanku. Aku dapat informasi kalau pacar temanku ini sudah berhubungan seksual dengan temanku. Pacar temanku selalu mengumbar2 hal tsb yg menurutku nggak layak untuk diumbar. Dan kasihannya, temanku ini tidak tau perbuatan pacarnya tersebut. Aku takut ketika ku beritau kebenarannya, temanku akan malu dan terganggu mentalnua",Psikis,"Korban: Rehabilitas, Pelaku: Rehabilitas"
12,Juni Anindya,Korban,,,"Aku enggak nyaman di rumah, tapi aku nggak tau harus pergi kemana. Ayah dan Ibu seperti tifak menyayangi. Mereka hanya menyayangi ku setiap kali aku berhasil mendapatkan sesuatu. Dan ketika aku lalai atau gagal, mereka suka menghukumku dengan tidak memberi makan, dan memanggilku dengan sebutan anak gagal",Psikis,"Korban: Rehabilitas, Pelaku: Rehabilitas"
13,Bulan ,Korban,,,"Dulu aku seorang janda yang belum memiliki anak. Udah 3 bulan aku menikah dengan lelaki baru. Dia baik sekali, sering memperhatikanku. Dia tidak pernah kasar. Tapi dia sering diam diam mengambil uangku ketika aku tidur. Ketika kutanyakan, dia hanya meminta maaf. Selama pernikahan kami, belum pernah ia membiayai kehidupan kami. Mobil baru yang dia miliki pun hasil tabunganku sendiri yang dia paksa untuk kuberi.",Ekonomi,Korban: Bantuan Hukum
14,Putri Hartono,Korban,,,"Udah lama nggak dapat kerja dan ditolak dimana mana, akhirnya aku diterima di salah satu cafe. Pada tahun ketiga aku kerja disana, aku nggak digaji apa apa selama 5 bulan tanpa kejelasan apa apa, tapi selalu disuruh bekerja paksa.",Ekonomi,
15,Adinda Septiana,Korban,,,"Aku udah lama putus dengan pacarku. Tiba2 dia aku mendapatkan telpon dari rentenir yang memintaku membayar hutang 1 tahun yang lalu. Aku tidak tau apa apa. Katanya ada seorang laki-laki yang mengatasnamakanku sebagai peminjam uang. Aku mencoba menghubungi mantanku, tapi dia selalu menghindar",Ekonomi,
16,Veronika Amanda,Korban,Yogyakarta,,"Kemarin saya melakukan 3 hari perjalanan wisata ke luar pulau menggunakan jasa yang saya temukan di media sosial, waktu itu saya tertarik karena harga yang ditawarkan murah. Hari pertama perjalanan saya sudah merasa risih dengan pemandu wisata yang selalu melirik ke saya dan mencuri kesempatan untuk memegang saya, baik tangan, pundak, atau kepala. Pagi hari kedua dia semakin kurang ajar, dia dengan sengaja memegang pantat saya saat saya naik ke kapal. Hingga pada malam harinya, dia masuk ke kamar saya dan mencoba memperkosa saya. Saya melawan tetapi saya tidak kuat, ada beberapa bekas lebam di lengan saya. Ada beberapa peserta lain yang ikut tapi saya tidak berani untuk bercerita. Saya tidak tahu lagi apa yang dapat saya lakukan.",Seksual,
17,Bagas Surya,Korban,Klaten,,"Saya telah 2 tahun berpacaran dengan seorang pegawai bank Sdaefs, kami tinggal 1 kosan setahun terakhir. Merupakan kesalahan besar pada saat itu. Hampir setiap hari saya harus mengikuti perintahnya untuk memenuhi hasratnya. Seringkali dia memaksa menampar, memukul bahkan menendang kemaluan saya. Tidak jarang juga dia menyakiti saya dengan sengaja saat berhubungan, hingga tangan berdarah. Saya sering ingin mencoba kabur dari kosan itu, tapi dia selalu mengatakan kalau dia akan mencoba bunuh diri apabila saya tidak pulang 1 malam pun ke kosan.",Seksual,
18,Tuti Widianti,Saksi,Aceh,,"Saya ingin melaporkan kejadian yang dialami tetangga saya. Dia perempuan smp yang bersekolah di SMP 3 Afaserfs. Dia sering ke rumah saya karena anak saya merupakan teman sekelasnya. 3 jam yang lalu dia datang ke rumah saya sambil menangis sesenggukan. Saya tanya awalnya hanya menjawab tidak apa apa. Saya coba tenangkan akhirnya dia bercerita kalau ada om nya datang ke rumah saat orang tuanya tidak ada. Dia bercerita kalau dia dipaksa melakukan hubungan intim. Lalu anaknya saya bawa ke puskesmas untuk dicek, tapi dia masih terus sesenggukan dan melamun.",Seksual,
19,Vera,Anak Korban,Surabaya,,"2 tahun lalu ibu saya mengikuti semacam pelatihan untuk menjadi tenaga kerja di negara tetangga, dia mengikuti pelatihan selama 3 bulan. Pada waktu 3 bulan itu dia terus diminta uang dengan jumlah besar bagi keluarga kami. Beberapa minggu kemudian dia bilang diberangkatkan ke Malaysia. Akan tetapi sudah 2 tahun dia tidak ada kabar sama sekali, saya sudah mencarinya di medsos. Saya coba datangi lembaga yang mengirimnya tapi katanya tidak ada data ibu disana. Saya takut ibu saya menjadi korban human trafiking yang sedang marak terjadi. Saya tidak tahu harus melapor kepada siapa lagi tentang hal ini.",Trafiking,
20,Dimas Nugraha,Anak Korban,Malang,,"Ayah saya seorang pekerja proyek, dia sering ikut proyek besar sebuah perusahaan. Tahun lalu dia pamit untuk pergi bekerja ikut proyek ke Brunei. Karena saya tau bapak bekerja di perusahaan swasta terbesar di sini, jadi saya mendukungnya. Beberapa minggu belakangan dia menelepon sambil menangis kalau disana dia bekerja penuh dengan paksaan. Dia bercerita kalau mandor yang ada disana bahkan tidak ada yang bisa berbicara bahasa indonesia. Dia sering kena pukul saat istirahat sebentar, padahal tidak melakukan kesalahan. Dia juga bercerita kalau ada beberapa temannya sakit tetapi tetap dipaksakan bekerja. Apakah tidak ada kontrol dan bantuan dari pemerintah akan hal ini?",Migran,
21,Silviana Maharani,Korban,Pare,,"Saya seorang mahasiswi semester akhir di Kota Asfaswc, 5 bulan ke belakang saya mengenal Pak Dasfsd karena dia adalah dosen pembimbing saya. Dia sering mengajak bertemu di tempat makan pada saat bimbingan skripsi. Saya sangat ingin lulus karena kondisi keuangan keluarga saya sangat berat. Jadi setiap ajakan tersebut saya iyakan. Tidak ada hal aneh yang terjadi pada beberapa pertemuan, hingga saat kemarin malam saya diancam akan menolak tugas saya dan akan me DO saya apabila tidak mengikuti kemauannya. Datang temannya yang seumuran memberikan sebuah amplop coklat ke dosen saya. Kemudian dia meminta saya untuk ikut orang tersebut. Malam itu menjadi malam neraka bagi saya, saya merasa dosen saya telah menjual saya. Saya sangat tertekan sekarang dan berpikir untuk mengakhiri hidup saya. Saya mohon solusinya.",Trafiking,
22,Cecillia Puteri,Korban,Bogor,,"Ibu saya hampir setiap hari memarahi saya padahal saya tidak melakukan apapun. Ibu sering menyiram saya dengan air. Dia juga kadang memukul tangan dan kaki saya samapi lebam. Kemarin dia marah sehabis kerja dan menampar saya hingga mimisan. Saya takut karena saya hanya tinggal berdua di rumah. Tolong, saya masih SMP.",Fisik,
23,Salsabila,Korban,Sleman,,"2 hari terakhir ayah saya sering membentak bentak mama, ayah sering ngomong kata kata kotor. Mama juga sering dipukul pakai sapu sampai mama menangis. Aku selalu ngumpet di kamar kalau ada suara berisik dari ayah, aku takut. Aku tidak berani bercerita ke siapapun takut dimarahi ayah.",Fisik,
24,Aditya Maulana,Korban,Kediri,,"Saya seorang mahasiswa di kampus Jfhs Afes, saya memiliki pacar seorang pegawai bank. Pacar saya berumur 4 tahun lebih tua dibanding saya. Saya sering diajak ketemuan di kontrakan dia. Akan tetapi akhir akhir ini setiap bertemu ada saya masalah yang terjadi, beberapa kali saya dipukul dan ditampar pada saat bertemu dengan dia tanpa alasan apapun. Saya sangat sayang dia. Dia beberapa kali juga bercerita kalau dia lebih baik mati apabila kita putus.",Fisik,
25,Erin,Korban,Pangkal Pinang,,"Aku punya pacar, sebulan terakhir dia bertingkah aneh dan berbeda. Aku memang memiliki kehidupan yang akrab dengan siapa saya, dan berteman dengan siapa saja. diapat dikatakan setengah dari temanku merupakan cowo. Belakangan dia sering mengekang aku waktu mau bertemu dengan teman temanku, dia bilang kalau teman temanku akan membawa dampak buruk ke kehidupan. Dia juga sering ngoceh memarahi aku karena teman temanku. Aku sempet bilang mau putus karena aku sudah merasa tertekan dan terkekang, tapi dia mengancam. Seminggu terakhir aku sudah tidak bisa bertemu dengan temanku karena pacarku selalu memberi ancaman. Aku sangat tertekan akan hal ini.",Psikis,
26,Cintya,Korban,Palangkaraya,,"Aku anak tunggal dan bersekolah di SMA Ssfneas, orang tuaku sangat menuntut aku untuk terus berprestasi di sekolah maupun luar sekolah. Sejak SD aku dituntut untuk juara 1. Bahkan pernah menerima hukuman saat aku mendapat nilai jelek di kelas. Pada saat kenaikan kelas 11 kemarin, ada nilaiku yang menurun walaupun tetap ranking di kelas. Tetapi orang tua tetap memarahi. Mereka juga sering membanding bandingkan dengan orang lain dan menganggap aku ada dibawahnya. Saya sering menangis kalau ingat kejadian itu. Beberapa kali juga saya merasa sesak saat mengingatnya. Saya tertekan dengan keadaan ini, tapi kalau dijelaskan mereka tidak akan mendengar saya.",Psikis,
27,David,Korban,Bandung,,"Saya selalu di bully teman saya di SMP, bahkan pada saat saya hanya seharian diam mereka tetap mengejek saya dan ngata ngatain. Mereka tidak pernah berani memukul saya tetapi ejekan mereka selalu dapat melukai perasaan saya. Saya pernah lapor kepada guru di sekolah tapi mereka menganggap hal ini wajar karena anak anak. Saya sering menagnsi kondisi saya, beberapa kali berpikiran untuk",Psikis,
28,Sulastrini,Korban,Purwakarta,,"Saya 1 tahun terakhir bekerja di sebuah perusahaan PT. Maju Lancar Jaya, dengan umr sekitar 2 juta sebulan, saya hanya digaji 800 ribu setiap bulannya. saya bekerja  setiap hari dari jam 7 sampai jam 5 sore. Apabila saya melakukan kesalahan, beberapa kali bos saya tidak segan untuk memukul bahkan pernah menendang kaki saya. Sebenarnya saya sudah tidak tahan dengan kondisi ini, tapi kondisi keuangan yang sangat dibutuhkan dan tidak adanya pekerjaan lain yang ada, saya tetap menjalani pekerjaan ini.",Ekonomi,
29,Mardhiya,Korban,Lampung,,"Beberapa bulan kondisi pandemi sangat berimbas pada keluarga saya, pekerjaan suami kacau dengan pendapatan yang sangat menurun daripada tahun sebelumnya. Hal itu membuat suami saya jadi lebih sering membentak bentak saya untuk bekerja agar dapat menambah penghasilan, tidak jarang suami saya menampar saya. akan tetapi dengan tanggungan 4 orang anak yang masih dibawah 10 tahun semua membuat saya ragu-ragu untuk meninggalkan mereka bekerja.",Ekonomi,
30,Mulyana,Korban,Surabaya,,"Saya bekerja sebagai sopir bis antar provinsi, dengan pekerjaan seperti itu saya hanya pulang sehari atau dua hari dalam seminggu untuk pulang. Setiap pulang ke rumah tidak jarang juga saya pulang dengan tangan kosong karena gaji yang memang belum terbayarkan. Pada saat pulang, istri saya sering mengomel tentang kondisi saat itu. Pada beberapa waktu istri saya juga sering memukul saya saat saya pulang tidak membawa uang. Saya cinta istri saya, tetapi hanya menjadi sopir keahlian saya satu satunya. Saya takut pada saat tidak di rumah, anak saya yang menjadi sasaran kemarahan istri saya, apalagi usianya baru 4 tahun.",Ekonomi,
31,Yoga ,Korban,Tegalalang,,"saya memiliki teman yang dimana teman saya kemarin mintak tolong bahwa dia memiliki hutang dan dia menghubungi saya untuk membantunya, setelah saya bantu dan hutangnya beres, setelah beberapa bulan saya meminta uang saya kembali karena saya ada sebuah kepentingan, akan tetapi padasaat saya menagih uang saya temen saya malah tidak mau memberikan malah saya di ancam akan di bunuh dan saya selalu di teror ",Psikis,
32,jhon,Korban,Gianyar,,"saya meminta tolong kepada teman saya untuk meminjam uang dikarenakan saya memiliki hutang, saya yakin temensaya bisa membantu hal itu, dan teman saya memberikan uang dengan senang hati, dan sini saya berjajni kepada teman saya bahwa satu minggu lagi akan saya kembalikan dikarenakan saya belom mendapatkan gaji, akantetapi setelah saya melakukan peminjaman tidak ada selama satu minggu. kalau tidak salah itu hanya 2 hari berelang saya sudah dimntakuntuk mengembalikan uang, nah karena sudah sesuai janji saya akan mengembalikan setelah satu minggu temen saya malah marah-marah dan juga mengancam saya apabila hari ini saya tidak mengembalikan uang saya akan di bunuh dan keluarga saya di teror.",Psikis,
33,iyan,korban,belahbatu,,"saya bekerja sebagai programer di salah satu tempat dimana perusahan itu adalah perusahan besar, pada dalaam sebuah project saya sudah bekerja sesaui dengan sebagaimana batas pembuatan saya, akan tetapi saya selalu diberikan kata kata kasar yang dimana katanya project yang saya buat itu saya tidak buat sendiri, padahal temen saya sudah membela saya, akan tetapi saya selalu diberikan kata kata kasar dan juga sebuah ancaman  ",Psikis,
34,dwik,korban,hayamwuruk,,"saya memiliki adik perempuan yang dimana adiksaya memiliki seorang pacar, pada suatu ketika adiksaya diajak untuk jalan jalan oleh pacarnya akan tetapi karena dikeluarga ada kegitan yang memang tidak bisa ditinggalkan adik saya sudah bilang dengan baik baik bahwa adiksaya tidak bisa akan tetapi pacarnya tetap ngotot, dan sampai pacarnya pulang kerumah dan adiksaya diberikan kata kata kasar dan juga di tampar  sampai mengalami lukak memar.",Fisik,
35,yosi,korban,kuta,,"saya memiliki masalah dimana orangtuasaya tidak pernah bekerja dan hanya sering mabuk-mabukan dan juga suka judi, akan tetapi dia selalu mengatakan dirinya bekerja dan dia suka meminjam uang kesana kemari saya sebagai anak yang bekerja kearas setiap saya mendapatkan gaji uang saya di ambil oleh orangtua saya untuk berjudi dan mabuk-mabukan, apabila saya tidak memberikan uang saya dipukul dan ditendang dan yang paling parah saya mau dibunuh ",Fisik,
36,alit,saksi,gilimanuk,,"padasaat perjalanan saya menuju perjalanan pulang di tengah jalan saya melihat seorang pemuda dan orang tua yang kalautidak salaha itu nenek-nenek dimana di saya lihat pemuda itu memukuli nenek itu entah saya kura tau motif dan tujuan anak muda itu , setelah saya telusuri ternyta anak muda itu mau mengajak nenek-nenek untuk berhubungan badan dan nenek itu bertiak memintak tolong seketika anak muda itu langsung memukuli nenek tersebut ",Fisik,
37,suan,saksi,denpasar,,"saya memiliki teman yang baru tamat SMA, dia mencari pekerjaan dan kemarin temensaya mendapatkan lowongan pekerjaan yang menjajikan  gaji yang besar dan bekerja sebagai SPA, setelah mengikuti aturan aturan dan mulai bekerja, setelah teman saya bekerja kuranglebih 5 bulan dia telilit hutang di temoatkerjanya sendiri yang dimana itu adalah jebakan ditempatnyabekerja dan juga di dijual ke orang hidung belang sebagai PSK dan sekarang dia tidak bisa keluar dari tempat kerjanya ",Trafiking,
38,eni,korban,tibubeneng,,"saya sedang mencari pekerjaan dan saya mendapatkan brosur dimana saya akan bekerja di luarnegeri  sebagai petani yang diharuskan memiliki anggota sebanyak 10 orang dan saya mencari teman teman saya untuk ikut bekerja, setelah mengikuti prosedur sesuai dengan apa yang diberikan saya berhasil bekerja dan besok akan menuju luarnegeri senang hati ini, sesampai diluarnegeri, disana saya malah bekerja sebagai ada yang sebagai PSK dan gigolo disana saya terpukul dan ternyata banyak orang orang dari luar untuk diperdagangkan ",Trafiking,
39,erni,korban,pemogan,,"saya diajak bekerja ke luarnegeri oleh teman saya,karena iming iming gaji yang besar dan pekerjaan yang mudah, dan saya langsung mencari informasi lebih tepat akan hal itu. dan saya mengiyakan hal itu, akantetapi setelah saya meng iya kannya. selang beberapa hari langsung berangkat, dansesampai saya disana saya dipekerjakan kerja rodi untuk keluarganya dan juga dipekerjakan sebagai PSK",Trafiking,
40,dian,korban,akasia,,"saya memiliki keluarga dimana ayah dan ibu saya sebagai PNS, akan tetapi sellau memiliki hutang dimana mana karena orangtua saya slelau suka bermain cewek dan ibu saya suka berjudi, dan dimana setiap dirumah selalu bertengkar hanya masalah uang karena selalunya meminjam uang sampai samapai adik saya tidak bisa melanjutkan sekolahnya dan sampai orangtua saya bercerai dan keluargasaya berantakan ",Ekonomi,
,Mawar Septiana,Korban,Medan,,"Tolong saya, umur saya 15 tahun saya dan memiliki teman anak seorang pejabat dikota saya, kami sudah berteman selama 2 tahun, namun selama dua tahun berteman, saya mendapatkan perlakuan yang sangat merugikan bagi saya, selama kurun waktu tersebut saya mendapatkan berbagai macam pelecehan seksual, mulai dari mencium, meraba hingga memaksa saya untuk melakukan hubungan seksual, karena diancam maka saya tidak memiliki kemampuan untuk menolaknya dan saya tidak berani bilang kesiapa-siapa.",Seksual,
,Mila Sintia,Orang Tua Korban,Surabaya,,"Saya ingin melaporkan, anak saya telah dicabuli oleh petugas kebersihan sekolah, anak saya berumur 10 tahun mengalami tindakan pelecehan seksual. Saya sangat sedih dan marah ketika anak saya menceritakan kejadian tersebut kepada saya. Kejadian tersebut berawal ketika anak laki-laki saya yang sedang di toilet sekolah pada waktu jam belajar dan disekitar toilet terdapat petugas kebersihan (laki-laki) dan  tiba-tiba petugas kebersihan tersebut langsung ke toilet tersebut dan memasukan alat kelaminnya kedalam lubang anus anak saya, anak saya tidak bisa berbuat apa"" karena mulutnya dibungkan oleh tangannya bahkan anak saya sempat diancam akan dibunuh jika bilang ke orang lain.",Seksual,
,Dina Kendy,Korban,Deli Serdang,,"Satu minggu yang lalu saya mengunjungi rumah kakek saya, lokasinya lumaya jauh dari rumah saya, namun ketika telah sampai dirumahnya saya kakek saya tidak ada dan hanya ada paman saya,  paman saya juga tinggal bersama kakek saya, ketika saya tanya ternyata kakek saya sedang ada keperluan diluar dan mungkin akan lama kata paman saya, akhirnya saya duduk di kursi dengan main hp sembari beristirahat, disaat saya sedang main hp paman saya melihat gerak gerik yang mencurigakan, saya mulai khawatir, akhirnya saya memutuskan untuk pulang dan setelah saya mau keluar tiba-tiba pintu rumah kakek saya ditutup dikunci dan saya mulai takut, paman langsung memeluk dan memeras payudara saya dan menarik paksa saya ke kamar hingga tangan saya memar namun saya mencoba teriak namun mulut saya dibekap dan ditampar  hingga dipukul, karena dan saat itu diancam akan dibunuh maka saya hanya bisa pasrah untuk memenuhi hasrat dia untuk berhubungan intim hingga kemaluan saya berdarah dan saya hanya bisa menangis pada saat itu. Mohon tolong saya.",Seksual,
,Rizal Evendi,Korban,Poso,,"Ibu dan bapak saya sudah bercerai sekitar 4 tahun yang lalu, sekarang saya tinggal bersama Ibu tiri, saya sudah tidak betah lagi tinggal dirumah, setiap hari saya selalu mendapatkan penganiayaan fisik oleh ibu tiri saya kerena hal sepele. Saya sering ditendang, ditampar hingga dipukul pake sapu tanpa ada alasan yang jelas, ketika saya tanya malah dibentak dan membuat saya takut, dengan kejadian tersebut badan saya banyak yang memar hingga lebam. Saya mendapatkan Kekerasan itu ketika ayah saya sedang  tidak ada dirumah (kerja), dan saya sudah bilang ke ayah saya namun ayah saya malah lebih percaya omongan istri barunya.",Fisik,
,Selvi Ananda,Korban,Tanggerang Selatan,,"Saya sudah 3 tahun pacaran, namun dalam 1 tahun kebelakang saya merasa saya sudah mulai tidak nyaman dengan sikap yang dilakukan oleh pacar saya, saya sering mendapatkan kekerasan fisik mulai tamparan, cengkraman, hingga pukulan  dan puncaknya adalah semalam ketika kami sedang jalan menuju rumah menggunakan mobil dan dia menuduh saya selingkuh sama teman dia. Dia memaksa saya mengaku hingga saya mendapatkan pukulan, tamparan dan leher saya dicekik dan disulut oleh puntung rokok olehnya, untuk mengakuinya, padahal saya tidak pernah selingkuh, dengan kejadian tersebut saya memiliki memar yang cukup banyak. ",Fisik,
,Jessica Septiana,Korban,Balikpapan,,"Saya sering menjadi korban kekerasan fisik yang dilakukan oleh suami saya tanpa ada alasan yang jelas, suami saya sering memukuli, menampar hingga menendang saya, saya sudah tidak kuat lagi, padahal saya sudah berbicara baik-baik sama suami saya menganai masalah apa yang sedang dihadapinnya namun setiap pulang dari pekerjaannya dia selalu marah marah dan pelampiaskannya ke saya. mohon bantu saya ",Fisik,
,Gita Megawati,Korban,Palembang,,"Saya memiliki anak laki-laki dan sekarang akan menikah, dan saya telah memberikan uang sebanyak 75% dari kebutuhan pernikahannya namun anak saya meminta untuk biaya pernikahannya 100% dibiayain oleh saya, namun saya tidak mau dan menginginkan untuk sisanya dari pihak perempuan dan anak saya marah dan nyaris memukul saya, dan ketika acara pernikahan tiba saya dan ayahnya tidak diundang dalam proses pernikahannya bahkan anak saya mengatakan 'putusan hubungan keluarga dan segala perbuatan dan akibat hukum akan menjadi tanggung jawab masing-masing' hal tersbut membuat saya sangat sedih dan mengalami depresi akibat perbuatan anak saya.   ",Psikis,
,Bayu Lesmana,Korban,Cimahi,,"saya merasa sangat tertekan dalam hidup saya, karena saya selalu dituntut sesuai dengan apa kemauan orang tua saya dalam berbagai hal, misalnya dalam pendidikan, saya dituntut untuk memiliki nilai yang tinggi dan juara kelas agar bisa melanjutkan kuliah kedokteran, padahal saya tidak mengininkannya, jika saya menolaknya maka orang tua selalu memaki-maki dengan kata"" kasar dan mengancam saya akan menelantarkan saya, saya tidak tau lagi harus seperti apa, ",Psikis,
,Teguh Ari,Anak Korban,Bantul,,"Saya sering mendengar dan melihat ibu saya dimarahi oleh ayah saya hanya karena hal sepele bahkan tanpa ada sebab yang jelas, setiap hari ayah saya selalu mengatakan bahwa dia tidak becus dalam mengurusi suami dan rumah tangga, dia selalu memaki maki ibu saya bahkan sering mengancam untuk menceraikannya, ibu saya hanya bisa menagis dikamar dan terlihat sangat tertekan dengan perkataannya. Saya hanya bisa menenangkannya namun ibu saya masih terlhat sangat tertekan bahkan depresi, saya mohon bantu ibu saya.",Psikis,
,Andri ,Korban,Bengkulu,,"Saya membelikan berbagai barang mulai dari handphone, jam tangan, hingga tas branded dan hadiah hadiah lainnya yang tergolong mahal untuk pacar saya setiap bulannya, hal tersebut saya lakukan karena saya takut pacar saya marah dan akan meninggalkan saya. pasalnya pacar saya sering ngambek, membentak hingga mengancam akan memutuskannya jika suasana hatinya dalam keadan buruk, oleh karenanya saya harus memberikan hadia"" supaya bisa membuatnya normal kembali.",Ekonomi,
,Danang Atmaji,Korban,Sidoarjo,,"Saya merupakan pekerja ojek online, saya selalu berangkat kerja setiap hari guna mencari uang untuk menghidupi keseharian kami, namun dengan adanya keadaan pandemi seperti sekarang sangat berdampak dengan pendapatan saya, pendapatan saya sangat menurun drastis jika dibandingkan sebelum pendemi padahal saya harus menghidupi  5 orang, setiap saya pulang saya selalu dimarahi oleh istri saya dikarenakan pendapatan yang diperoleh sedikit, bahkan istri saya selalu mengancam saya untuk cerai, padahal saya sangat mencitainnya. ",Ekonomi,
,Mila Hapsari,Anak Korban,Jember,,"Saya sering melihat ayah saya selalu menggunakan kartu kredit milik ibu saya tanpa sepengatuannya, padahal kartu kredit tersebut merupakan pendapatan dari pekerjaan ibu saya sendiri, setelah saya melaporkan ke ibu, ayah marah memarahi ibu hingga sampai titik puncaknya adalah dengan memukulnya, ayah sering sewenang wenang menggunakan kartu kredit milik ibu untuk membeli berbagai macam barang seperti motor, jam, handphone dan barang yang berhubungan dengan hobbynya, disisi lain selalu beralasan bahwa ayah lah yang menjadikannya ibu menjadi sukses.",Ekonomi,
,Azmi Fitri,Teman Korban,Palu,,"Mawar merupakan teman SD saya, dia sempat ngobrol bersama saya, dan dia berkata bahawa dia akan ke Jakarta untuk bekerja menjadi sales di salah satu mall dijakarta, di kejakarta bersama teman SMA dimana teman SMA nya punya kenalan yang dapat memberikan pekerjaan tersbut kepadanya, setelah hampir 2 bulan, mawar mengabarkan saya bahwa di telah dibohongin dan dia sekarang bekerja sebagai pemandu lagu diclub malam di daerah jakarta, bahkan di diharuskan melayani para pria hidung belang untuk memenuhi hasrtanya, ternyata di dipekerjakan sebagai pekerja seks bebas dan dia merasa sangat sedih dan dia tidak bisa kabur dari tempat dia kerja sekarang. Ternyata dia orang ke katanya mau memperkejakan dia di supermarket malah menjualnya pria"" hidung belang, Mohon agar bisa membantunnya.",Trafiking,
,Fitri Karomah,Teman Korban,Manado,,"Teman Saya berencana akan bekerja dimalaysia, dia berkata akan bekerja sebagai penjaga warung dan hanya melayani pembeli saja dan dia akan dibawa oleh kenalannya yang katanya sudah sering membawa pekerja ke luar negeri dan semua sukses, dan teman saya tertarik. Setelah beberapa bulan bekerja teman saya mengatakan bahwa dia telah ditipu oleh calo imigran gelap. dia dipekerjakan sebagai pembantu rumah tangga dan hampir 2 bulan tidak dibayar, namun dia terpaksa tetap mengerjakannya. selama bekerja dia mendapatkan perlakuan yang tidak berkenan oleh majikan, dia mencoba kabur dari majikannya namun selalu gagal. Bagaiamana agar teman saya bisa kembali ke Indonesia lagi?",Migran,
,Tiara Lestari,Korban,Banten,,"Tolong saya, saat diiming-imingi pekerjaan dengan gaji yang besar oleh paman saya, dan ternyata saya dipaksa menjadi PSK oleh paman, saya dijual oleh paman untuk memenuhi hastrat pria-pria hidung belang, jika saya menolaknya saya sering mendapatkan berbagai ancaman yang membuat saya takut, saat ini saya tidak bisa berbuat apa lagi selain melaporkan melaui aplikasi ini, tolong segera di tindak lanjuti",Trafiking,
,Tia Lestari,Orang Tua Korban,Palopo,,"Anak saya berumur 10 tahun, dia belajar mengaji di TPA dekat rumah. saat pulang mengaji dia terlihat murung dan setelah saya bertanya dengan baik ternyata dia mengalami kekerasan seksual oleh guru mengajinya. saya sangat kaget anak saya diperlakukan buruk, gurunya kerap menciumnya dan meraba tubuhnya bahkan hampir memperkosanya. tolong bantu anak saya. saya seorang single parent saya takut bertindak secara langsung karena guru tersebut orang yang disegani.",Seksual,
,Nurul Putri,Korban,Gowa,,"Saya berumur 15 tahun dan seorang yatim piatu. saya tinggal bersama om dan tante saya, tapi selama 2 tahun tinggal dengan mereka saya tidak tahan lagi. setiap bibi saya tida dirumah, paman saya melakukan pelecehan kepada saya dia sering mencium, memeluk, dan meraba tubuh saya bahkan dia selalu memaksa saya untuk melayani kebutuhan seksualnya bahkan tidak segan bertindak kasar. saya tidak tahan lagi. saya tidak bisa berbicarakepada yang lain mengenai ini karena om saya mengancam akan membunuh saya jika saya berbicara. saya sangat ketakutan sekarang. tolong batu saya.",Seksual,
,Nabila,Teman Korban,Maros,,Sambil Menangis teman saya bercerita kepada saya bahwa Ayah tirinya sering meraba tubuhnya bahkan memperkosanya. dia sangat ketakutan tinggal dirumahnya tapi dia tidak bisa berbuat apapun ayah tirinya mengancam akan membunuh ibunya jika teman saya mengadu dan melawan kehendaknya. Ayah tirinya bahkan menjualnya kepada temannya untuk dijadikan pelacur. Teman saya sangat tertekan. Tolong bantu Dia.,Seksual,
,Jasmine,Korban,Bone,,"Suami saya sering menyakiti saya hampir tiap hari dia menampar, memukul dan menendang saya hingga tubuh saya penuh dengan luka. saya angat ketakutan bahkan dia juga memukul anak saya. dia mengurung saya dirumah hingga tidak bisa melarikan diri dia terus megancam akan membunuh saya jika mengadu. tolong bantu menjauh dari suami saya.",Fisik,
,Ade Ilmi,Teman Korban,Mamuju,,Saya sering melihat teman saya dipukuli oleh pacarnya. Pacarnya selalu membentak menampar bahkan menendanganya hingga meninggalan luka. saya sudah membujuknya untuk putus saja tapi teman saya tida bisa putus karena pacarnya tidak pernah setuju bahkan memukulnya jika meminta putus. tolong teman saya dia sangat sering menangis dan kesakitan karena perlauan pacarnya.,Fisik,
,Tania Marwah,Korban,Palu,,Sudah 3 Tahun saya megalami tindak kekerasan yang dilakukan oleh ayah saya. ayah saya sering pulang dalam keadaan mabuk hingga sering memukuli saya. bahkan ayah saya mencambuk saya hingga banyak lua lebam di tubuh saya. ayah saya juga sering menendang saya hingga saya luka berat hingga tidak bisa melarikan diri. tolong bantu saya. saya sudah tidak memiliki kekuatan untuk melarikan diri saya luka berat. ,Fisik,
,Caya Sania,Korban,Maluku,,Saya Berumur 17 Tahun disekolah saya mengalami perundungan oleh teman saya. Saya selalu diancam untuk menuruti perintah mereka. Teman saya Selalu memanggil saya gendut berjerawat saya sangat tertekan karena itu. saya selalu merasa rendah diri dan tidak berarti karena teman saya selalu mempermalukan saya disekolah dan dimanapun kami bertemu. Tolong saya saya benar-benar merasa tertekan.,Psikis,
,Rania Dewi,Korban,Gorontalo,,"Keluarga besar saya semuanya orang sukses dan pintar, sehingga orang tua selalu menyuruh saya belajar dan belajar. saat nilai saya jelek saya akan dimarahi dan mengatai saya bodoh dan tidak berguna. banyak cacian yang saya terima saat nilai say turun. saya merasa tertekan saat belajar karena saya tidak nyaman saat dipaksa untuk belajar yang berlebihan. tolong saya, saya takut dan tertekan saya tidak tagu harus berbuat apa.",Psikis,